[
    {
        "url": "https://leimbucate.it/2021/11/27/il-rebranding-di-joy-wedding/"
    },
    {
        "url": "https://leimbucate.it/2022/01/11/i-clienti-ideali-di-wedinsalento/"
    },
    {
        "url": "https://leimbucate.it/2022/02/23/personal-brand-consulente-finanziario/"
    },
    {
        "url": "https://leimbucate.it/2022/01/11/il-percorso-di-branding-per-engo/"
    },
    {
        "url": "https://leimbucate.it/2022/12/09/trasformare-passione-lavoro_luciano/"
    },
    {
        "url": "https://leimbucate.it/"
    },
    {
        "url": "https://leimbucate.it/servizi/i-nostri-servizi-singoli/"
    },
    {
        "url": "https://leimbucate.it/servizi/"
    },
    {
        "url": "https://leimbucate.it/servizi/la-tua-idea-ha-futuro/"
    },
    {
        "url": "https://leimbucate.it/servizi/un-brand-unico/"
    },
    {
        "url": "https://leimbucate.it/servizi/strategia-di-lancio-wow/"
    },
    {
        "url": "https://leimbucate.it/servizi/social-che-spaccano/"
    },
    {
        "url": "https://leimbucate.it/casi-studio-portfolio/"
    },
    {
        "url": "https://leimbucate.it/chi-siamo/"
    },
    {
        "url": "https://leimbucate.it/melissa/"
    },
    {
        "url": "https://leimbucate.it/contatti/"
    },
    {
        "url": "https://leimbucate.it/elisa-monasterolo/"
    },
    {
        "url": "https://leimbucate.it/rebecca/"
    },
    {
        "url": "https://leimbucate.it/hello/"
    },
    {
        "url": "https://leimbucate.it/coming-soon/"
    },
    {
        "url": "https://leimbucate.it/category/branding/"
    },
    {
        "url": "https://leimbucate.it/category/comunicazione/"
    },
    {
        "url": "https://leimbucate.it/category/marketing/"
    },
    {
        "url": "https://leimbucate.it/tag/brand-identity/"
    },
    {
        "url": "https://leimbucate.it/tag/branding/"
    },
    {
        "url": "https://leimbucate.it/tag/buyer-persona/"
    },
    {
        "url": "https://leimbucate.it/tag/clienti-ideali/"
    },
    {
        "url": "https://leimbucate.it/tag/comunicazione/"
    },
    {
        "url": "https://leimbucate.it/tag/design/"
    },
    {
        "url": "https://leimbucate.it/tag/digital-marketing/"
    },
    {
        "url": "https://leimbucate.it/tag/font/"
    },
    {
        "url": "https://leimbucate.it/tag/grafica/"
    },
    {
        "url": "https://leimbucate.it/tag/graphic-design/"
    },
    {
        "url": "https://leimbucate.it/tag/instagram/"
    },
    {
        "url": "https://leimbucate.it/tag/logo/"
    },
    {
        "url": "https://leimbucate.it/tag/marketing/"
    },
    {
        "url": "https://leimbucate.it/tag/microbusiness/"
    },
    {
        "url": "https://leimbucate.it/tag/nuovo-business/"
    },
    {
        "url": "https://leimbucate.it/tag/palette-colori/"
    },
    {
        "url": "https://leimbucate.it/tag/pinterest/"
    },
    {
        "url": "https://leimbucate.it/tag/progettazione-logo/"
    },
    {
        "url": "https://leimbucate.it/tag/rebranding/"
    },
    {
        "url": "https://leimbucate.it/tag/sito-web/"
    },
    {
        "url": "https://leimbucate.it/tag/social/"
    },
    {
        "url": "https://leimbucate.it/tag/social-media/"
    },
    {
        "url": "https://leimbucate.it/tag/strategia/"
    },
    {
        "url": "https://leimbucate.it/tag/target/"
    },
    {
        "url": "https://leimbucate.it/tag/valori/"
    },
    {
        "url": "https://leimbucate.it/tag/visual-identity/"
    },
    {
        "url": "https://leimbucate.it/tag/wedding-planner/"
    },
    {
        "url": "https://leimbucate.it/author/leimbucate/"
    },
    {
        "url": "https://leimbucate.it/2021/11/27/il-rebranding-di-joy-wedding/"
    },
    {
        "url": "https://leimbucate.it/2022/01/11/i-clienti-ideali-di-wedinsalento/"
    },
    {
        "url": "https://leimbucate.it/2022/02/23/personal-brand-consulente-finanziario/"
    },
    {
        "url": "https://leimbucate.it/2022/01/11/il-percorso-di-branding-per-engo/"
    },
    {
        "url": "https://leimbucate.it/2022/12/09/trasformare-passione-lavoro_luciano/"
    },
    {
        "url": "https://leimbucate.it/"
    },
    {
        "url": "https://leimbucate.it/servizi/i-nostri-servizi-singoli/"
    },
    {
        "url": "https://leimbucate.it/servizi/"
    },
    {
        "url": "https://leimbucate.it/servizi/la-tua-idea-ha-futuro/"
    },
    {
        "url": "https://leimbucate.it/servizi/un-brand-unico/"
    },
    {
        "url": "https://leimbucate.it/servizi/strategia-di-lancio-wow/"
    },
    {
        "url": "https://leimbucate.it/servizi/social-che-spaccano/"
    },
    {
        "url": "https://leimbucate.it/casi-studio-portfolio/"
    },
    {
        "url": "https://leimbucate.it/chi-siamo/"
    },
    {
        "url": "https://leimbucate.it/melissa/"
    },
    {
        "url": "https://leimbucate.it/contatti/"
    },
    {
        "url": "https://leimbucate.it/elisa-monasterolo/"
    },
    {
        "url": "https://leimbucate.it/rebecca/"
    },
    {
        "url": "https://leimbucate.it/hello/"
    },
    {
        "url": "https://leimbucate.it/coming-soon/"
    },
    {
        "url": "https://leimbucate.it/category/branding/"
    },
    {
        "url": "https://leimbucate.it/category/comunicazione/"
    },
    {
        "url": "https://leimbucate.it/category/marketing/"
    },
    {
        "url": "https://leimbucate.it/tag/brand-identity/"
    },
    {
        "url": "https://leimbucate.it/tag/branding/"
    },
    {
        "url": "https://leimbucate.it/tag/buyer-persona/"
    },
    {
        "url": "https://leimbucate.it/tag/clienti-ideali/"
    },
    {
        "url": "https://leimbucate.it/tag/comunicazione/"
    },
    {
        "url": "https://leimbucate.it/tag/design/"
    },
    {
        "url": "https://leimbucate.it/tag/digital-marketing/"
    },
    {
        "url": "https://leimbucate.it/tag/font/"
    },
    {
        "url": "https://leimbucate.it/tag/grafica/"
    },
    {
        "url": "https://leimbucate.it/tag/graphic-design/"
    },
    {
        "url": "https://leimbucate.it/tag/instagram/"
    },
    {
        "url": "https://leimbucate.it/tag/logo/"
    },
    {
        "url": "https://leimbucate.it/tag/marketing/"
    },
    {
        "url": "https://leimbucate.it/tag/microbusiness/"
    },
    {
        "url": "https://leimbucate.it/tag/nuovo-business/"
    },
    {
        "url": "https://leimbucate.it/tag/palette-colori/"
    },
    {
        "url": "https://leimbucate.it/tag/pinterest/"
    },
    {
        "url": "https://leimbucate.it/tag/progettazione-logo/"
    },
    {
        "url": "https://leimbucate.it/tag/rebranding/"
    },
    {
        "url": "https://leimbucate.it/tag/sito-web/"
    },
    {
        "url": "https://leimbucate.it/tag/social/"
    },
    {
        "url": "https://leimbucate.it/tag/social-media/"
    },
    {
        "url": "https://leimbucate.it/tag/strategia/"
    },
    {
        "url": "https://leimbucate.it/tag/target/"
    },
    {
        "url": "https://leimbucate.it/tag/valori/"
    },
    {
        "url": "https://leimbucate.it/tag/visual-identity/"
    },
    {
        "url": "https://leimbucate.it/tag/wedding-planner/"
    },
    {
        "url": "https://leimbucate.it/author/leimbucate/"
    }
]